{"cameraMode":{"drawMode":0,"name":"Shaded","section":"Shading Mode"},"sceneLighting":true,"audioPlay":false,"sceneViewState":{"showFog":true,"showMaterialUpdate":false,"showSkybox":true,"showFlares":true,"showImageEffects":true,"showParticleSystems":true},"in2DMode":false,"pivot":{"x":-0.6836309432983398,"y":6.179287910461426,"z":0.8061388731002808},"rotation":{"x":0.24471375346183778,"y":-0.2590920329093933,"z":0.06803945451974869,"w":0.9318568110466003},"size":5.815887451171875,"orthographic":false}