{"cameraMode":{"drawMode":0,"name":"Shaded","section":"Shading Mode"},"sceneLighting":true,"audioPlay":false,"sceneViewState":{"showFog":false,"showMaterialUpdate":false,"showSkybox":false,"showFlares":false,"showImageEffects":false,"showParticleSystems":false},"in2DMode":false,"pivot":{"x":-552.4801025390625,"y":-128.07904052734376,"z":-1586.1177978515625},"rotation":{"x":0.13246777653694154,"y":0.5057283639907837,"z":-0.0789264664053917,"w":0.8488495945930481},"size":22.415510177612306,"orthographic":false}