{"cameraMode":{"drawMode":0,"name":"Shaded","section":"Shading Mode"},"sceneLighting":true,"audioPlay":false,"sceneViewState":{"showFog":false,"showMaterialUpdate":false,"showSkybox":false,"showFlares":false,"showImageEffects":false,"showParticleSystems":false},"in2DMode":false,"pivot":{"x":-3.190598726272583,"y":-0.42084935307502749,"z":-5.774697303771973},"rotation":{"x":0.2752704322338104,"y":0.053618744015693668,"z":-0.01539123710244894,"w":0.9597781896591187},"size":6.801295757293701,"orthographic":false}