{"cameraMode":{"drawMode":0,"name":"Shaded","section":"Shading Mode"},"sceneLighting":true,"audioPlay":false,"sceneViewState":{"showFog":false,"showMaterialUpdate":false,"showSkybox":false,"showFlares":false,"showImageEffects":false,"showParticleSystems":false},"in2DMode":false,"pivot":{"x":-4.278063774108887,"y":2.8883559703826906,"z":-2.58115553855896},"rotation":{"x":0.06624950468540192,"y":-0.020642906427383424,"z":0.0013600906822830439,"w":0.9976277351379395},"size":0.8941971659660339,"orthographic":false}