{"cameraMode":{"drawMode":0,"name":"Shaded","section":"Shading Mode"},"sceneLighting":true,"audioPlay":false,"sceneViewState":{"showFog":false,"showMaterialUpdate":false,"showSkybox":false,"showFlares":false,"showImageEffects":false,"showParticleSystems":false},"in2DMode":false,"pivot":{"x":-2.8399999141693117,"y":0.9133782386779785,"z":-8.220000267028809},"rotation":{"x":0.13246777653694154,"y":0.5057283639907837,"z":-0.0789264664053917,"w":0.8488495945930481},"size":6.584719657897949,"orthographic":false}