{"cameraMode":{"drawMode":0,"name":"Shaded","section":"Shading Mode"},"sceneLighting":true,"audioPlay":false,"sceneViewState":{"showFog":false,"showMaterialUpdate":false,"showSkybox":false,"showFlares":false,"showImageEffects":false,"showParticleSystems":false},"in2DMode":false,"pivot":{"x":-1.2032461166381837,"y":0.6410362124443054,"z":-6.318185806274414},"rotation":{"x":0.05035531520843506,"y":-0.8966081142425537,"z":0.10565903782844544,"w":0.4271625578403473},"size":5.0949788093566898,"orthographic":false}