{"cameraMode":{"drawMode":0,"name":"Shaded","section":"Shading Mode"},"sceneLighting":true,"audioPlay":false,"sceneViewState":{"showFog":false,"showMaterialUpdate":false,"showSkybox":false,"showFlares":false,"showImageEffects":false,"showParticleSystems":false},"in2DMode":false,"pivot":{"x":-2.8267393112182619,"y":0.45854687690734866,"z":-8.205166816711426},"rotation":{"x":0.29011642932891848,"y":-0.16234128177165986,"z":0.04999803006649017,"w":0.9418337345123291},"size":2.694196939468384,"orthographic":false}