{"cameraMode":{"drawMode":0,"name":"Shaded","section":"Shading Mode"},"sceneLighting":true,"audioPlay":false,"sceneViewState":{"showFog":false,"showMaterialUpdate":false,"showSkybox":false,"showFlares":false,"showImageEffects":false,"showParticleSystems":false},"in2DMode":false,"pivot":{"x":-3.638355255126953,"y":1.337721347808838,"z":4.773500442504883},"rotation":{"x":0.29011642932891848,"y":-0.16234128177165986,"z":0.04999803006649017,"w":0.9418337345123291},"size":7.846267223358154,"orthographic":false}