{"cameraMode":{"drawMode":0,"name":"Shaded","section":"Shading Mode"},"sceneLighting":true,"audioPlay":false,"sceneViewState":{"showFog":false,"showMaterialUpdate":false,"showSkybox":false,"showFlares":false,"showImageEffects":false,"showParticleSystems":false},"in2DMode":false,"pivot":{"x":-0.45231345295906069,"y":1.5541516542434693,"z":5.2119293212890629},"rotation":{"x":0.2777623236179352,"y":0.07369959354400635,"z":-0.0213859211653471,"w":0.9576178193092346},"size":5.0949788093566898,"orthographic":false}