{"cameraMode":{"drawMode":0,"name":"Shaded","section":"Shading Mode"},"sceneLighting":true,"audioPlay":false,"sceneViewState":{"showFog":true,"showMaterialUpdate":false,"showSkybox":true,"showFlares":true,"showImageEffects":true,"showParticleSystems":true},"in2DMode":false,"pivot":{"x":-0.7465437650680542,"y":0.3339344263076782,"z":-1.0602622032165528},"rotation":{"x":0.060255665332078937,"y":-0.02514096163213253,"z":0.0015137282898649574,"w":0.9978940486907959},"size":2.27099609375,"orthographic":false}