{"cameraMode":{"drawMode":0,"name":"Shaded","section":"Shading Mode"},"sceneLighting":false,"audioPlay":false,"sceneViewState":{"showFog":true,"showMaterialUpdate":false,"showSkybox":true,"showFlares":true,"showImageEffects":true,"showParticleSystems":true},"in2DMode":false,"pivot":{"x":-10.350000381469727,"y":0.5,"z":-10.279999732971192},"rotation":{"x":0.20226871967315675,"y":0.07835932821035385,"z":-0.01623406447470188,"w":0.9760551452636719},"size":3.192279815673828,"orthographic":false}