{"cameraMode":{"drawMode":0,"name":"Shaded","section":"Shading Mode"},"sceneLighting":false,"audioPlay":false,"sceneViewState":{"showFog":true,"showMaterialUpdate":false,"showSkybox":true,"showFlares":true,"showImageEffects":true,"showParticleSystems":true},"in2DMode":false,"pivot":{"x":0.27864688634872439,"y":0.5299999713897705,"z":-2.299999952316284},"rotation":{"x":0.3519919812679291,"y":-0.055517397820949557,"z":0.020931657403707506,"w":0.9341206550598145},"size":2.5149378776550295,"orthographic":false}