{"cameraMode":{"drawMode":0,"name":"Shaded","section":"Shading Mode"},"sceneLighting":false,"audioPlay":false,"sceneViewState":{"showFog":true,"showMaterialUpdate":false,"showSkybox":true,"showFlares":true,"showImageEffects":true,"showParticleSystems":true},"in2DMode":false,"pivot":{"x":0.5334377288818359,"y":0.42264533042907717,"z":1.9044747352600098},"rotation":{"x":0.11255121231079102,"y":0.028920477256178857,"z":-0.003272727597504854,"w":0.9932196140289307},"size":2.3862884044647219,"orthographic":false}