{"cameraMode":{"drawMode":0,"name":"Shaded","section":"Shading Mode"},"sceneLighting":false,"audioPlay":false,"sceneViewState":{"showFog":true,"showMaterialUpdate":false,"showSkybox":true,"showFlares":true,"showImageEffects":true,"showParticleSystems":true},"in2DMode":false,"pivot":{"x":8.457840919494629,"y":0.9300000071525574,"z":-8.990716934204102},"rotation":{"x":0.28242969512939455,"y":0.41728854179382326,"z":-0.13820989429950715,"w":0.8526440262794495},"size":1.9223029613494874,"orthographic":false}